Title,Count,Unit price,Total price
"Натрия хлорид 0,9%, 200 мл, фл",2,,
"Борный спирт 3%, 20 мл, фл.",1,,
"Шприц 2 мл, 3-х комп. (Bioject)",2,,
Система для инфузии Vogt Medical,2,,
Naturella прокладки Классик макси №8,1,,
AURA Ватные диски №150,1,,
Чистая линия скраб мягкий 50 мл,1,,
Чистая линия  скраб очищающийабрикос 50 мл,1,,
Чистая линия скраб мягкий 50 мл,1,,
Carefree салфетки Алоэвоздухопроницаемые №20,1,,
Pro Series Шампунь яркий цвет 500мл,1,,
Pro Series бальзам-ополаскивательдля длител ухода за окрашеннымиволосами Яркий цвет 500мл,1,,
Clear шампунь Актив спорт 2в1мужской  400 мл,1,,
"Bio World (HYDRO THERAPY)Мицеллярная вода 5в1, 445мл",1,,
"Bio World (HYDRO THERAPY) Гель-муссдля умывания с гиалуроновойкислотой, 250мл",1,,
"[RX]-Натрия хлорид 0,9%, 100 мл, фл.",1,,
"[RX]-Дисоль р-р 400 мл, фл.",1,,
"Тагансорбент с иономи серебра №30,пор.",1,,
"[RX]-Церукал 2%, 2 мл, №10, амп.",2,,
"[RX]-Андазол 200 мг, №40, табл.",1,,
